{"displayName":"Boardwalk","identifier":"default3","minVersion":"1.0.0","processors":[{"name":"colorMatrixTransform","parameters":{"operations":[{"operation":"saturation","value":0.25}]}},{"name":"vignette","parameters":{"color":{"a":255,"r":0,"g":0,"b":0},"shape":{"scaling":"stretch","shapeMode":"sharp","vignetteScale":0.8},"blendMode":"overlay"}},{"name":"blendWithColor","parameters":{"color":{"a":255,"r":78,"g":44,"b":11},"blendMode":"overlay","alpha":0.54}},{"name":"gamma","parameters":{"value":0.56}},{"name":"contrast","parameters":{"value":1.82}}],"preview":{"path":"/cdsv2/assets/com.aviary.effectpack.04/items.ea69ad11-a93b-4719-ab3d-2de143f70277.preview.c9c51ced-e35c-4a01-9270-4af44ae6c89f.jpg","fingerprint":"15239dfbee4b6cc624a24c41f858ae44","path-100":"/cdsv2/assets/com.aviary.effectpack.04/items.ea69ad11-a93b-4719-ab3d-2de143f70277.preview.c9c51ced-e35c-4a01-9270-4af44ae6c89f.100.jpg","fingerprint-100":"6295af060d79f9a7b3062183e97a0284"}}