{"displayName":"Metropolis","identifier":"default6","minVersion":"1.0.0","processors":[{"name":"vignette","parameters":{"color":{"a":229,"r":0,"g":0,"b":0},"shape":{"scaling":"stretch","vignetteScale":0.7},"blendMode":"overlay"}},{"name":"colorMatrixTransform","parameters":{"operations":[{"operation":"saturation","value":0}]}},{"name":"gamma","parameters":{"value":0.7}},{"name":"contrast","parameters":{"value":1.4}}],"preview":{"path":"/cdsv2/assets/com.aviary.effectpack.04/items.0fde5065-99b9-4652-89df-86cb1c84d5ab.preview.8c4e6c35-8c98-46cd-83f8-a4cde7dcc1d9.jpg","fingerprint":"d6addadb5f066d667c918841f8694ea1","path-100":"/cdsv2/assets/com.aviary.effectpack.04/items.0fde5065-99b9-4652-89df-86cb1c84d5ab.preview.8c4e6c35-8c98-46cd-83f8-a4cde7dcc1d9.100.jpg","fingerprint-100":"d49cb2974f577c7ee5097a47f312a087"}}